id;first_name;last_name;gender;email;phone;address_line_1;address_line_2;city;country
1;Chelsey;Wyman;OTHER;"dxls62ihzyti@dei5kl1okw3aep7.fnzt";1-637-708-5845 x122;users;Directives Soft Implementation;Keeblerton;Dominica
2;Margaretta;Stark;MALE;"d14dcxd@q2x8k3ljl3u.qctu";520-800-5717;Account;multi-tasking Investment Electronics;Lake Gracestad;Sri Lanka
3;Lupe;Volkman;MALE;"z9sx@uu1qdzw5mcehj0.cven";645.351.8271;Ports Future transmitting;Cliff Metrics;West Willland;Morocco
4;Regan;Fahey;MALE;"rq-@cho7ybq.mvvf";641.468.0618 x52428;International;Electronics;Brekketown;Paraguay
5;Otilia;Green;OTHER;"b7h+t5186ay-j@j38uqyyr6.wrrc";854-964-4990 x28179;Shirt Account;unleash embrace;Gutmannmouth;Serbia
6;Rodolfo;Kihn;OTHER;"375hw__dlq4b957@ghk.uoso";(567) 328-5036 x786;didactic Beauty;Infrastructure Wooden Bacon;East Annalise;Suriname
7;Alia;Moen;OTHER;"t4zis+lqw5jrlv82@8wvquznd.ygk";(823) 489-6659;Global;Savings uniform;Strosinside;South Georgia and the South Sandwich Islands
8;Vergie;Schiller;MALE;"vuk4xf+k@tq18azcp93.anac";1-829-249-8480 x430;Malawi Architect;Grocery;East Soniaport;Cyprus
9;Lonzo;Tromp;OTHER;"sr6wu2x4.@ugy1193t3f8.djn";(399) 660-6128;capacitor payment Sports;Executive;Powlowskiview;Honduras
10;Betsy;Swift;FEMALE;"zqu8.b.qknn9ep@kszxvur6a1ey.qo";957-690-3089;implementation;sky invoice;South Judd;Mongolia
